date,adj_close,close,high,low,open,volume,sma_5,daily_return_pct
2025-04-01,222.0169219970703,223.19000244140625,223.67999267578125,218.89999389648438,219.80999755859375,36412700,,
2025-04-02,222.71324157714844,223.88999938964844,225.19000244140625,221.02000427246094,221.32000732421875,35905900,,0.3136327526256366
2025-04-03,202.12203979492188,203.19000244140625,207.49000549316406,201.25,205.5399932861328,103419000,,-9.245610346452683
2025-04-04,187.389892578125,188.3800048828125,199.8800048828125,187.33999633789062,193.88999938964844,125910900,,-7.288743235713335
2025-04-07,180.50625610351562,181.4600067138672,194.14999389648438,174.6199951171875,177.1999969482422,160466300,204.02200317382812,-3.6734249865053914
2025-04-08,171.51376342773438,172.4199981689453,190.33999633789062,169.2100067138672,186.6999969482422,120859500,193.86800231933594,-4.981818698583263
2025-04-09,197.8048553466797,198.85000610351562,200.61000061035156,171.88999938964844,171.9499969482422,184395900,188.86000366210936,15.328852926139657
2025-04-10,189.4191436767578,190.4199981689453,194.77999877929688,183.0,189.07000732421875,121880000,186.30600280761718,-4.239380274487847
2025-04-11,197.1085205078125,198.14999389648438,199.5399932861328,186.05999755859375,186.10000610351562,87435900,188.26000061035157,4.05944533235465
2025-04-14,201.45556640625,202.52000427246094,212.94000244140625,201.16000366210938,211.44000244140625,101352900,192.4720001220703,2.205405253890391
2025-04-15,201.07754516601562,202.13999938964844,203.50999450683594,199.8000030517578,201.86000061035156,51343900,198.41600036621094,-0.18763819612667154
2025-04-16,193.24891662597656,194.27000427246094,200.6999969482422,192.3699951171875,198.36000061035156,59732400,197.5,-3.8933388448355366
2025-04-17,195.9446563720703,196.97999572753906,198.8300018310547,194.4199981689453,197.1999969482422,52164700,198.81199951171874,1.3949613401343264
2025-04-21,192.14474487304688,193.16000366210938,193.8000030517578,189.80999755859375,193.27000427246094,46742500,197.81400146484376,-1.9392791899099593
2025-04-22,198.69017028808594,199.74000549316406,201.58999633789062,195.97000122070312,196.1199951171875,52976400,197.25800170898438,3.406503264808869
2025-04-23,203.5246124267578,204.60000610351562,208.0,202.8000030517578,206.0,52929200,197.7500030517578,2.4331633507028716
2025-04-24,207.27481079101562,208.3699951171875,208.8300018310547,202.94000244140625,204.88999938964844,47311000,200.57000122070312,1.8426143212158408
2025-04-25,208.18002319335938,209.27999877929688,209.75,206.1999969482422,206.3699951171875,38222300,203.03000183105468,0.43672490446504675
2025-04-28,209.03550720214844,210.13999938964844,211.5,207.4600067138672,210.0,38743100,206.4260009765625,0.41093301575299
2025-04-29,210.0998992919922,211.2100067138672,212.24000549316406,208.3699951171875,208.69000244140625,36827600,208.72000122070312,0.5091878401668248
2025-04-30,211.3831024169922,212.5,213.5800018310547,206.6699981689453,209.3000030517578,52286500,210.3,0.6107633374967891
2025-05-01,212.19879150390625,213.32000732421875,214.55999755859375,208.89999389648438,209.0800018310547,57365700,211.29000244140624,0.38588579963234615
2025-05-02,204.2707061767578,205.35000610351562,206.99000549316406,202.16000366210938,206.08999633789062,101010600,210.50400390625,-3.7361714546492397
2025-05-05,197.84463500976562,198.88999938964844,204.10000610351562,198.2100067138672,203.10000610351562,69018500,208.25400390625,-3.145851727226512
2025-05-06,197.4666290283203,198.50999450683594,200.64999389648438,197.02000427246094,198.2100067138672,51216500,205.71400146484376,-0.19106284075551816
2025-05-07,195.218505859375,196.25,199.44000244140625,193.25,199.1699981689453,68536700,202.46400146484376,-1.138478952886235
2025-05-08,196.45201110839844,197.49000549316406,200.0500030517578,194.67999267578125,197.72000122070312,50478900,199.29800109863282,0.6318499328224592
2025-05-09,197.4865264892578,198.52999877929688,200.5399932861328,197.5399932861328,199.0,36453900,197.93399963378906,0.5266055279788961
2025-05-12,209.95704650878906,210.7899932861328,211.27000427246094,206.75,210.97000122070312,63775800,200.31399841308593,6.175386381009962
2025-05-13,212.08859252929688,212.92999267578125,213.39999389648438,209.0,210.42999267578125,51909300,203.197998046875,1.0152281691776288
2025-05-14,211.49098205566406,212.3300018310547,213.94000244140625,210.5800018310547,212.42999267578125,49325800,206.41399841308595,-0.28177845553216674
2025-05-15,210.6144561767578,211.4499969482422,212.9600067138672,209.5399932861328,210.9499969482422,45029500,209.20599670410155,-0.41445150248371476
2025-05-16,210.42520141601562,211.25999450683594,212.57000732421875,209.77000427246094,212.36000061035156,54737900,211.7519958496094,-0.08985691376138805
2025-05-19,207.9550018310547,208.77999877929688,209.47999572753906,204.25999450683594,207.91000366210938,46140500,211.3499969482422,-1.1739069355408915
2025-05-20,206.04258728027344,206.86000061035156,208.47000122070312,205.02999877929688,207.6699981689453,42496600,210.13599853515626,-0.9196274452396014
2025-05-21,201.29144287109375,202.08999633789062,207.0399932861328,200.7100067138672,205.1699981689453,59211800,208.08799743652344,-2.305909435553888
2025-05-22,200.56431579589844,201.36000061035156,202.75,199.6999969482422,200.7100067138672,46742400,206.06999816894532,-0.3612230891026025
2025-05-23,194.49838256835938,195.27000427246094,197.6999969482422,193.4600067138672,193.6699981689453,78432900,202.87200012207032,-3.024432021966106
2025-05-27,199.4188690185547,200.2100067138672,200.74000549316406,197.42999267578125,198.3000030517578,56288500,201.1580017089844,2.5298316860348224
2025-05-28,199.62803649902344,200.4199981689453,202.72999572753906,199.89999389648438,200.58999633789062,45339700,199.87000122070313,0.10488559414427723
2025-05-29,199.15989685058594,199.9499969482422,203.80999755859375,198.50999450683594,203.5800018310547,51396800,199.44200134277344,-0.23450814539321962
2025-05-30,200.0563507080078,200.85000610351562,201.9600067138672,196.77999877929688,199.3699951171875,70819900,199.34000244140626,0.45011711378339925
2025-06-02,200.90298461914062,201.6999969482422,202.1300048828125,200.1199951171875,200.27999877929688,35423300,200.6260009765625,0.42319682295079986
2025-06-03,202.46678161621094,203.27000427246094,203.77000427246094,200.9600067138672,201.35000610351562,46381600,201.23800048828124,0.7783873812460262
2025-06-04,202.01853942871094,202.82000732421875,206.24000549316406,202.10000610351562,202.91000366210938,43604000,201.71800231933594,-0.22137892398478298
2025-06-05,199.8372039794922,200.6300048828125,204.75,200.14999389648438,203.5,55126100,201.85400390625,-1.0797763348392997
2025-06-06,203.11419677734375,203.9199981689453,205.6999969482422,202.0500030517578,203.0,46607700,202.46800231933594,1.63983113495636
2025-06-09,200.65396118164062,201.4499969482422,206.0,200.02000427246094,204.38999938964844,72862600,202.41800231933593,-1.2112599268742419
2025-06-10,201.869140625,202.6699981689453,204.35000610351562,200.57000732421875,200.60000610351562,54672600,202.29800109863282,0.6056099474732513
2025-06-11,197.9945068359375,198.77999877929688,204.5,198.41000366210938,203.5,60989900,201.48999938964843,-1.9193760422328232
2025-06-12,198.41285705566406,199.1999969482422,199.67999267578125,197.36000061035156,199.0800018310547,43904600,201.20399780273436,0.2112879422097258
2025-06-13,195.67372131347656,196.4499969482422,200.3699951171875,195.6999969482422,199.72999572753906,51447300,199.70999755859376,-1.3805221095031128
2025-06-16,197.6359405517578,198.4199981689453,198.69000244140625,196.55999755859375,197.3000030517578,43020700,199.10399780273437,1.0028003315378786
2025-06-17,194.86691284179688,195.63999938964844,198.38999938964844,195.2100067138672,197.1999969482422,38856200,197.697998046875,-1.4010678383989505
2025-06-18,195.80320739746094,196.5800018310547,197.57000732421875,195.07000732421875,195.94000244140625,45394700,197.25799865722655,0.4804755900321256
2025-06-20,200.20574951171875,201.0,201.6999969482422,196.86000061035156,198.24000549316406,96813500,197.6179992675781,2.2484475164182616
2025-06-23,200.70376586914062,201.5,202.3000030517578,198.9600067138672,201.6300048828125,55814300,198.62799987792968,0.24875621890547706
2025-06-24,199.50851440429688,200.3000030517578,203.44000244140625,200.1999969482422,202.58999633789062,54064000,199.00400085449218,-0.5955319842392948
2025-06-25,200.76351928710938,201.55999755859375,203.6699981689453,200.6199951171875,201.4499969482422,39525700,200.18800048828126,0.6290536633243748
2025-06-26,200.20574951171875,201.0,202.63999938964844,199.4600067138672,201.42999267578125,50799100,201.0720001220703,-0.2778316954637594
2025-06-27,200.2854461669922,201.0800018310547,203.22000122070312,200.0,201.88999938964844,73188600,201.08800048828124,0.039801905997349785
2025-06-30,204.35926818847656,205.1699981689453,207.38999938964844,199.25999450683594,202.00999450683594,91912800,201.8220001220703,2.0340144721736175
2025-07-01,206.99879455566406,207.82000732421875,210.19000244140625,206.13999938964844,206.6699981689453,78788900,203.3260009765625,1.2916163079025322
2025-07-02,211.6005401611328,212.44000244140625,213.33999633789062,208.13999938964844,208.91000366210938,67941800,205.502001953125,2.223075235475225
2025-07-03,212.70614624023438,213.5500030517578,214.64999389648438,211.80999755859375,212.14999389648438,34955800,208.01200256347656,0.5225007520218483
2025-07-07,209.120361328125,209.9499969482422,216.22999572753906,208.8000030517578,212.67999267578125,50229000,209.78600158691407,-1.6857907057220234
2025-07-08,209.18014526367188,210.00999450683594,211.42999267578125,208.4499969482422,210.10000610351562,42848900,210.75400085449218,0.028577070476720756
2025-07-09,210.30567932128906,211.13999938964844,211.3300018310547,207.22000122070312,209.52999877929688,48749400,211.41799926757812,0.5380719548448543
2025-07-10,211.57066345214844,212.41000366210938,213.47999572753906,210.02999877929688,210.50999450683594,44443600,211.41199951171876,0.6014986625614283
2025-07-11,210.32559204101562,211.16000366210938,212.1300048828125,209.86000061035156,210.57000732421875,39765800,210.93399963378906,-0.5884845244805148
2025-07-14,207.79562377929688,208.6199951171875,210.91000366210938,207.5399932861328,209.92999267578125,38840100,210.66799926757812,-1.2028833590031152
2025-07-15,208.28370666503906,209.11000061035156,211.88999938964844,208.9199981689453,209.22000122070312,42296300,210.48800048828124,0.23487944810314243
2025-07-16,209.3295440673828,210.16000366210938,212.39999389648438,208.63999938964844,210.3000030517578,47490500,210.29200134277343,0.5021295245053015
2025-07-17,209.19009399414062,210.02000427246094,211.8000030517578,209.58999633789062,210.57000732421875,48068100,209.81400146484376,-0.06661562010320532
2025-07-18,210.3455047607422,211.17999267578125,211.7899932861328,209.6999969482422,210.8699951171875,48974600,209.81799926757813,0.5523228167424676
2025-07-21,211.640380859375,212.47999572753906,215.77999877929688,211.6300048828125,212.10000610351562,51377400,210.58999938964843,0.6155900638530998
2025-07-22,213.5527801513672,214.39999389648438,214.9499969482422,212.22999572753906,213.13999938964844,46404100,211.647998046875,0.903613614246912
2025-07-23,213.3037872314453,214.14999389648438,215.14999389648438,212.41000366210938,215.0,46989300,212.44599609375,-0.11660448093142595
2025-07-24,212.91531372070312,213.75999450683594,215.69000244140625,213.52999877929688,213.89999389648438,46022600,213.193994140625,-0.18211505989440546
2025-07-25,213.03485107421875,213.8800048828125,215.24000549316406,213.39999389648438,214.6999969482422,40268800,213.73399658203124,0.05614258002459849
2025-07-28,213.20419311523438,214.0500030517578,214.85000610351562,213.05999755859375,214.02999877929688,37858000,214.047998046875,0.07948296477664485
2025-07-29,210.43516540527344,211.27000427246094,214.80999755859375,210.82000732421875,214.17999267578125,51411700,213.4220001220703,-1.2987613826964783
2025-07-30,208.2239227294922,209.0500030517578,212.38999938964844,207.72000122070312,211.89999389648438,45512500,212.402001953125,-1.0507886476113892
2025-07-31,206.74978637695312,207.57000732421875,209.83999633789062,207.16000366210938,208.49000549316406,80698400,211.16400451660155,-0.7079625476841711
2025-08-01,201.58029174804688,202.3800048828125,213.5800018310547,201.5,210.8699951171875,104434500,208.86400451660157,-2.5003624118486445
2025-08-04,202.5464630126953,203.35000610351562,207.8800048828125,201.67999267578125,204.50999450683594,75109300,206.72400512695313,0.4792969647692269
2025-08-05,202.11814880371094,202.9199981689453,205.33999633789062,202.16000366210938,203.39999389648438,44155100,205.05400390625,-0.2114619727876521
2025-08-06,212.40733337402344,213.25,215.3800048828125,205.58999633789062,205.6300048828125,108483100,205.89400329589844,5.090677076812433
2025-08-07,219.16053771972656,220.02999877929688,220.85000610351562,216.5800018310547,218.8800048828125,90224800,208.38600158691406,3.179366367782821
2025-08-08,228.44371032714844,229.35000610351562,231.0,219.25,220.8300018310547,113854000,213.78000183105468,4.235789381413979
2025-08-11,226.53909301757812,227.17999267578125,229.55999755859375,224.75999450683594,227.9199981689453,61806100,218.5459991455078,-0.9461579986856261
2025-08-12,229.0021209716797,229.64999389648438,230.8000030517578,227.07000732421875,228.00999450683594,55626200,223.89199829101562,1.0872441677679756
2025-08-13,232.6717529296875,233.3300018310547,235.0,230.42999267578125,231.07000732421875,69878500,227.90799865722656,1.602441991019199
2025-08-14,232.123291015625,232.77999877929688,235.1199951171875,230.85000610351562,234.05999755859375,51916300,230.45799865722657,-0.23571895917441354
2025-08-15,230.9366455078125,231.58999633789062,234.27999877929688,229.33999633789062,234.0,56038700,230.90599670410157,-0.5112133549474374
2025-08-18,230.23863220214844,230.88999938964844,233.1199951171875,230.11000061035156,231.6999969482422,37476200,231.647998046875,-0.30225698834628334
2025-08-19,229.90956115722656,230.55999755859375,232.8699951171875,229.35000610351562,231.27999877929688,39402600,231.8299987792969,-0.1429259958971918
2025-08-20,225.3723907470703,226.00999450683594,230.47000122070312,225.77000427246094,229.97999572753906,42263900,230.36599731445312,-1.9734572779050663
2025-08-21,224.26553344726562,224.89999389648438,226.52000427246094,223.77999877929688,226.27000427246094,30621200,228.7899963378906,-0.49112899311095637
2025-08-22,227.11746215820312,227.75999450683594,229.08999633789062,225.41000366210938,226.1699981689453,42477800,228.02399597167968,1.2716766064777785
2025-08-25,226.51914978027344,227.16000366210938,229.3000030517578,226.22999572753906,226.47999572753906,30983100,227.2779968261719,-0.26343118159346535
2025-08-26,228.6630859375,229.30999755859375,229.49000549316406,224.69000244140625,226.8699951171875,54575100,227.0279968261719,0.9464667467088184
2025-08-27,229.8397674560547,230.49000549316406,230.89999389648438,228.25999450683594,228.61000061035156,31259500,227.9239990234375,0.514590705653295
2025-08-28,231.9039306640625,232.55999755859375,233.41000366210938,229.33999633789062,230.82000732421875,38074700,229.45599975585938,0.8980832210059075
2025-08-29,231.485107421875,232.13999938964844,233.3800048828125,231.3699951171875,232.50999450683594,39418400,230.33200073242188,-0.180597769760249
2025-09-02,229.0719451904297,229.72000122070312,230.85000610351562,226.97000122070312,229.25,44075600,230.84400024414063,-1.0424735828844955
2025-09-03,237.79725646972656,238.47000122070312,238.85000610351562,234.36000061035156,237.2100067138672,66427800,232.6760009765625,3.8089848308826335
2025-09-04,239.10354614257812,239.77999877929688,239.89999389648438,236.74000549316406,238.4499969482422,47549400,234.53399963378905,0.5493343195739575
2025-09-05,239.0137939453125,239.69000244140625,241.32000732421875,238.49000549316406,240.0,54870400,235.96000061035156,-0.03753287945149619
2025-09-08,237.2089080810547,237.8800048828125,240.14999389648438,236.33999633789062,239.3000030517578,48999500,237.10800170898438,-0.7551410322323426
2025-09-09,233.68887329101562,234.35000610351562,238.77999877929688,233.36000061035156,237.0,66313900,238.03400268554688,-1.4839409394815983
2025-09-10,226.1501922607422,226.7899932861328,232.4199981689453,225.9499969482422,232.19000244140625,83440800,235.6980010986328,-3.2259494860194082
2025-09-11,229.3810577392578,230.02999877929688,230.4499969482422,226.64999389648438,226.8800048828125,50208600,233.7480010986328,1.4286368839370622
2025-09-12,233.40966796875,234.07000732421875,234.50999450683594,229.02000427246094,229.22000122070312,55824200,232.6240020751953,1.7562963814985233
2025-09-15,236.0322265625,236.6999969482422,238.19000244140625,235.02999877929688,237.0,42699500,232.38800048828125,1.1235910376080627
2025-09-16,237.4781494140625,238.14999389648438,241.22000122070312,236.32000732421875,237.17999267578125,63421100,233.147998046875,0.6125884946923899
2025-09-17,238.3157958984375,238.99000549316406,240.10000610351562,237.72999572753906,238.97000122070312,46508000,235.58800048828124,0.35272375318422533
2025-09-18,237.2089080810547,237.8800048828125,241.1999969482422,236.64999389648438,239.97000122070312,44249600,237.1580017089844,-0.46445482440198305
2025-09-19,244.8074188232422,245.5,246.3000030517578,240.2100067138672,241.22999572753906,163741300,239.44400024414062,3.203293660995743
2025-09-22,255.35755920410156,256.0799865722656,256.6400146484375,248.1199951171875,248.3000030517578,105517400,243.31999816894532,4.309566831880085
2025-09-23,253.71221923828125,254.42999267578125,257.3399963378906,253.5800018310547,255.8800048828125,60275200,246.57599792480468,-0.6443275472520216
2025-09-24,251.59820556640625,252.30999755859375,255.74000549316406,251.0399932861328,255.22000122070312,42303700,249.23999633789063,-0.8332331793480807
2025-09-25,256.14532470703125,256.8699951171875,257.1700134277344,251.7100067138672,253.2100067138672,55202100,253.03799438476562,1.8072995928489766
2025-09-26,254.73931884765625,255.4600067138672,257.6000061035156,253.77999877929688,254.10000610351562,46076300,255.02999572753907,-0.5489112898051984
2025-09-29,253.71221923828125,254.42999267578125,255.0,253.00999450683594,254.55999755859375,40127700,254.6999969482422,-0.4031997224675621
2025-09-30,253.9116668701172,254.6300048828125,255.9199981689453,253.11000061035156,254.86000061035156,37704300,254.73999938964843,0.07861188255666729
2025-10-01,254.72933959960938,255.4499969482422,258.7900085449219,254.92999267578125,255.0399932861328,48713900,255.3679992675781,0.3220327729275496
2025-10-02,256.40460205078125,257.1300048828125,258.17999267578125,254.14999389648438,256.5799865722656,42630200,255.4200012207031,0.657666061710982
2025-10-03,257.2920837402344,258.0199890136719,259.239990234375,253.9499969482422,254.6699981689453,49155600,255.93199768066407,0.34612223931820285
2025-10-06,255.96583557128906,256.69000244140625,259.07000732421875,255.0500030517578,257.989990234375,44664100,256.3839996337891,-0.5154587353288997
2025-10-07,255.75645446777344,256.4800109863281,257.3999938964844,255.42999267578125,256.80999755859375,31955800,256.7540008544922,-0.08180741481198517
2025-10-08,257.3320007324219,258.05999755859375,258.5199890136719,256.1099853515625,256.5199890136719,36496900,257.2760009765625,0.6160271773966164
2025-10-09,253.32330322265625,254.0399932861328,258.0,253.13999938964844,257.80999755859375,38322000,256.6579986572266,-1.5577789314472068
2025-10-10,244.57806396484375,245.27000427246094,256.3800048828125,244.0,254.94000244140625,61999100,254.10800170898438,-3.4522080166306646
2025-10-13,246.96133422851562,247.66000366210938,249.69000244140625,245.55999755859375,249.3800048828125,38142900,252.302001953125,0.9744360696440912
2025-10-14,247.07101440429688,247.77000427246094,248.85000610351562,244.6999969482422,246.60000610351562,35478000,250.56000061035155,0.04441597703503941
2025-10-15,248.63658142089844,249.33999633789062,251.82000732421875,247.47000122070312,249.49000549316406,33893600,248.81600036621094,0.6336489641027176
2025-10-16,246.75192260742188,247.4499969482422,249.0399932861328,245.1300048828125,248.25,39777000,247.4980010986328,-0.7580008893106838
2025-10-17,251.5782470703125,252.2899932861328,253.3800048828125,247.27000427246094,248.02000427246094,49147000,248.9019989013672,1.9559492412937862
2025-10-20,261.50018310546875,262.239990234375,264.3800048828125,255.6300048828125,255.88999938964844,90483000,251.8179962158203,3.943873008454002
2025-10-21,262.0286560058594,262.7699890136719,265.2900085449219,261.8299865722656,261.8800048828125,46695900,254.8179931640625,0.2021044840732289
2025-10-22,257.72088623046875,258.45001220703125,262.8500061035156,255.42999267578125,262.6499938964844,45015300,256.63999633789064,-1.6440145325788524
2025-10-23,258.84765625,259.5799865722656,260.6199951171875,258.010009765625,259.94000244140625,32754900,259.0659942626953,0.4372119604812541
2025-10-24,262.0785827636719,262.82000732421875,264.1300048828125,259.17999267578125,261.19000244140625,38253700,261.1719970703125,1.2481781799657865
2025-10-27,268.0516662597656,268.80999755859375,269.1199951171875,264.6499938964844,264.8800048828125,44888200,262.4859985351562,2.279122619072771
2025-10-28,268.2411193847656,269.0,269.8900146484375,268.1499938964844,268.989990234375,41534800,263.73200073242185,0.07068280314419528
2025-10-29,268.93914794921875,269.70001220703125,271.4100036621094,267.1099853515625,269.2799987792969,51086700,265.98200073242185,0.26022758625696696
2025-10-30,270.63433837890625,271.3999938964844,274.1400146484375,268.4800109863281,271.989990234375,69886500,268.34600219726565,0.6303231785351748
2025-10-31,269.6072692871094,270.3699951171875,277.32000732421875,269.1600036621094,276.989990234375,86167100,269.8559997558594,-0.37951319176879883
2025-11-03,268.29095458984375,269.04998779296875,270.8500061035156,266.25,270.4200134277344,50194600,269.90399780273435,-0.48822256465500535
2025-11-04,269.2781982421875,270.0400085449219,271.489990234375,267.6199951171875,268.3299865722656,49274800,270.11199951171875,0.3679690752169673
2025-11-05,269.3779296875,270.1400146484375,271.70001220703125,266.92999267578125,268.6099853515625,43683100,270.2,0.037033809935982376
2025-11-06,269.0089416503906,269.7699890136719,273.3999938964844,267.8900146484375,267.8900146484375,51204000,269.8739990234375,-0.1369754996301431
2025-11-07,267.7126159667969,268.4700012207031,272.2900085449219,266.7699890136719,269.79998779296875,48227400,269.49400024414064,-0.4818874767062664
2025-11-10,268.93035888671875,269.42999267578125,273.7300109863281,267.4599914550781,268.9599914550781,41312400,269.57000122070315,0.3575786682732396
2025-11-11,274.73956298828125,275.25,275.9100036621094,269.79998779296875,269.80999755859375,46208300,270.61199951171875,2.1601185771556786
2025-11-12,272.9628601074219,273.4700012207031,275.7300109863281,271.70001220703125,275.0,48398000,271.2779968261719,-0.6466843884820661
2025-11-13,272.44384765625,272.95001220703125,276.70001220703125,272.0899963378906,274.1099853515625,49602800,271.91400146484375,-0.19014480979659965
2025-11-14,271.9048156738281,272.4100036621094,275.9599914550781,269.6000061035156,271.04998779296875,47431300,272.702001953125,-0.19784155368063328
2025-11-17,266.9639892578125,267.4599914550781,270.489990234375,265.7300109863281,268.82000732421875,45018300,272.30800170898436,-1.8171183658773127
2025-11-18,266.9440612792969,267.44000244140625,270.7099914550781,265.32000732421875,269.989990234375,45677300,270.7460021972656,-0.007473646268785217
2025-11-19,268.06195068359375,268.55999755859375,272.2099914550781,265.5,265.5299987792969,40424500,269.7640014648438,0.4187836924032684
2025-11-20,265.7562561035156,266.25,275.42999267578125,265.9200134277344,270.8299865722656,45823600,268.4239990234375,-0.8601420835542606
2025-11-21,270.98651123046875,271.489990234375,273.3299865722656,265.6700134277344,265.95001220703125,59030800,268.2399963378906,1.9680714495305063
2025-11-24,275.4083251953125,275.9200134277344,277.0,270.8999938964844,270.8999938964844,65585800,269.9320007324219,1.6317445772254802
2025-11-25,276.4563903808594,276.9700012207031,280.3800048828125,275.25,275.2699890136719,46914200,271.83800048828124,0.3805406428931457
2025-11-26,277.0352783203125,277.54998779296875,279.5299987792969,276.6300048828125,276.9599914550781,33431400,273.63599853515626,0.20940411225383038
2025-11-28,278.3328857421875,278.8500061035156,279.0,275.989990234375,277.260009765625,20135600,276.1559997558594,0.4683906927485104
2025-12-01,282.57501220703125,283.1000061035156,283.4200134277344,276.1400146484375,278.010009765625,46587700,278.4780029296875,1.5241168753721723
2025-12-02,285.6592712402344,286.19000244140625,287.3999938964844,282.6300048828125,283.0,53669500,280.53200073242186,1.0914857899228636
2025-12-03,283.623046875,284.1499938964844,288.6199951171875,283.29998779296875,286.20001220703125,43538700,281.96799926757814,-0.712816145749029
2025-12-04,280.179443359375,280.70001220703125,284.7300109863281,278.5899963378906,284.1000061035156,43989100,282.59800415039064,-1.214141039436356
2025-12-05,278.26300048828125,278.7799987792969,281.1400146484375,278.04998779296875,280.5400085449219,47265800,282.58400268554686,-0.684009028940924
2025-12-08,277.3746643066406,277.8900146484375,279.6700134277344,276.1499938964844,278.1300048828125,38211800,281.54200439453126,-0.319242461710445
2025-12-09,276.66595458984375,277.17999267578125,280.0299987792969,276.9200134277344,278.1600036621094,32193300,279.74000244140626,-0.2555046727945598
2025-12-10,278.26300048828125,278.7799987792969,279.75,276.44000244140625,277.75,33038300,278.66600341796874,0.577244442526248
2025-12-11,277.514404296875,278.0299987792969,279.5899963378906,273.80999755859375,279.1000061035156,33248000,278.1320007324219,-0.2690293433115887
2025-12-12,277.7639465332031,278.2799987792969,279.2200012207031,276.82000732421875,277.8999938964844,39532900,278.03200073242186,0.08991835452922814
2025-12-15,273.6016540527344,274.1099853515625,280.1499938964844,272.8399963378906,280.1499938964844,50409100,277.2759948730469,-1.4984955605960026
2025-12-16,274.1007385253906,274.6099853515625,275.5,271.7900085449219,272.82000732421875,37648600,276.7619934082031,0.18240853187405648
2025-12-17,271.33587646484375,271.8399963378906,276.1600036621094,271.6400146484375,275.010009765625,50138700,275.3739929199219,-1.0086993049891024
2025-12-18,271.68524169921875,272.19000244140625,273.6300048828125,266.95001220703125,273.6099853515625,51630700,274.20599365234375,0.1287544541755281
2025-12-19,273.1625061035156,273.6700134277344,274.6000061035156,269.8999938964844,272.1499938964844,144632000,273.28399658203125,0.5437418615868328
2025-12-22,270.4674987792969,270.9700012207031,273.8800048828125,270.510009765625,272.8599853515625,36571800,272.6559997558594,-0.9865941003960987
2025-12-23,271.85491943359375,272.3599853515625,272.5,269.55999755859375,270.8399963378906,29642000,272.20599975585935,0.5129660569795913
2025-12-24,273.3022155761719,273.80999755859375,275.42999267578125,272.20001220703125,272.3399963378906,17910600,272.6,0.5323881205087977
2025-12-26,272.8929748535156,273.3999938964844,275.3699951171875,272.8599853515625,274.1600036621094,21521800,272.8419982910156,-0.14974020881820538
2025-12-29,273.2523498535156,273.760009765625,274.3599853515625,272.3500061035156,272.69000244140625,23715200,272.85999755859376,0.13168100847762432
2025-12-30,272.5735778808594,273.0799865722656,274.0799865722656,272.2799987792969,272.80999755859375,22139600,273.28199462890626,-0.24840121606569676
2025-12-31,271.3558349609375,271.8599853515625,273.67999267578125,271.75,273.05999755859375,27293600,273.18199462890624,-0.44675599849579584
2026-01-02,270.5074157714844,271.010009765625,277.8399963378906,269.0,272.260009765625,37838100,272.6219970703125,-0.31265196488491354
2026-01-05,266.7643737792969,267.260009765625,271.510009765625,266.1400146484375,270.6400146484375,45647200,271.3940002441406,-1.3837127282653072
2026-01-06,261.8734436035156,262.3599853515625,267.54998779296875,262.1199951171875,267.0,52352100,269.11399536132814,-1.8334297070330852
2026-01-07,259.8471984863281,260.3299865722656,263.67999267578125,259.80999755859375,263.20001220703125,48309800,266.5639953613281,-0.7737455757884204
2026-01-08,258.55963134765625,259.0400085449219,259.2900085449219,255.6999969482422,257.0199890136719,50419300,264.0,-0.4955164959399183
2026-01-09,258.8890075683594,259.3699951171875,260.2099914550781,256.2200012207031,259.0799865722656,39997000,261.6719970703125,0.127388264893602
2026-01-12,259.76739501953125,260.25,261.29998779296875,256.79998779296875,259.1600036621094,45263800,260.2699951171875,0.33928553779511983
2026-01-13,260.5658874511719,261.04998779296875,261.80999755859375,258.3900146484375,258.7200012207031,45730800,260.00799560546875,0.3073920434077726
2026-01-14,259.4779052734375,259.9599914550781,261.82000732421875,256.7099914550781,259.489990234375,40019400,259.9339965820312,-0.4175431483854575
2026-01-15,257.73114013671875,258.2099914550781,261.0400085449219,257.04998779296875,260.6499938964844,39388600,259.7679931640625,-0.6731805114335909
2026-01-16,255.05613708496094,255.52999877929688,258.8999938964844,254.92999267578125,257.8999938964844,72142800,258.9999938964844,-1.0379120733008063
2026-01-20,246.2425079345703,246.6999969482422,254.7899932861328,243.4199981689453,252.72999572753906,80267500,256.2899932861328,-3.455563680678142
2026-01-21,247.1907501220703,247.64999389648438,251.55999755859375,245.17999267578125,248.6999969482422,54641700,253.60999450683593,0.38508186461043703
2026-01-22,247.8894500732422,248.35000610351562,251.0,248.14999389648438,249.1999969482422,39708300,251.28799743652343,0.2826619116832463
2026-01-23,247.58001708984375,248.0399932861328,249.41000366210938,244.67999267578125,247.32000732421875,41689000,249.25399780273438,-0.12482899527435087
2026-01-26,254.9363555908203,255.41000366210938,256.55999755859375,249.8000030517578,251.47999572753906,55969200,249.22999877929686,2.971299216040002
2026-01-27,257.791015625,258.2699890136719,261.95001220703125,258.2099914550781,259.1700134277344,49648300,251.54399719238282,1.119762464490659
2026-01-28,255.96446228027344,256.44000244140625,258.8599853515625,254.50999450683594,257.6499938964844,41288000,253.3019989013672,-0.7085556394896275
2026-01-29,257.801025390625,258.2799987792969,259.6499938964844,254.41000366210938,258.0,67253000,255.28799743652343,0.7175153331668849
2026-01-30,258.9988098144531,259.4800109863281,261.8999938964844,252.17999267578125,255.1699981689453,92443400,257.5760009765625,0.46461677741320706
2026-02-02,269.5093078613281,270.010009765625,270.489990234375,259.2099914550781,260.0299987792969,73913400,260.4960021972656,4.058115590203082
2026-02-03,268.98028564453125,269.4800109863281,271.8800048828125,267.6099853515625,269.20001220703125,64394700,262.7380065917969,-0.19628856713753695
2026-02-04,275.97723388671875,276.489990234375,278.95001220703125,272.2900085449219,272.2900085449219,90545700,266.7480041503906,2.6012984125945104
2026-02-05,275.3983459472656,275.9100036621094,279.5,273.2300109863281,278.1300048828125,52977400,270.2740051269531,-0.20976765624461935
2026-02-06,277.6042175292969,278.1199951171875,280.9100036621094,276.92999267578125,277.1199951171875,50453400,274.002001953125,0.8009827210848641
2026-02-09,274.3672180175781,274.6199951171875,278.20001220703125,271.70001220703125,277.9100036621094,44623400,274.9239990234375,-1.258449612198953
2026-02-10,273.4280700683594,273.67999267578125,275.3699951171875,272.94000244140625,274.8900146484375,34376900,275.7639953613281,-0.3422920610733904
2026-02-11,275.24639892578125,275.5,280.17999267578125,274.45001220703125,274.70001220703125,51931300,275.5659973144531,0.6650129249217152
2026-02-12,261.4891052246094,261.7300109863281,275.7200012207031,260.17999267578125,275.5899963378906,81077200,272.72999877929686,-4.998181130189428
2026-02-13,255.5445556640625,255.77999877929688,262.2300109863281,255.4499969482422,262.010009765625,56290700,268.2619995117187,-2.2733396848946263
2026-02-17,263.6371154785156,263.8800048828125,266.2900085449219,255.5399932861328,258.04998779296875,58469100,266.11400146484374,3.1667863563111576
2026-02-18,264.106689453125,264.3500061035156,266.82000732421875,262.45001220703125,263.6000061035156,34203300,264.2480041503906,0.17811172199722058
2026-02-19,260.3401184082031,260.5799865722656,264.4800109863281,260.04998779296875,262.6000061035156,30845300,261.2640014648438,-1.4261469431454121
2026-02-20,264.3364562988281,264.5799865722656,264.75,258.1600036621094,258.9700012207031,42070500,261.83399658203126,1.5350373037534393
2026-02-23,265.9349670410156,266.17999267578125,269.42999267578125,263.3800048828125,263.489990234375,37308200,263.91399536132815,0.6047343656806037
2026-02-24,271.8895263671875,272.1400146484375,274.8900146484375,267.7099914550781,267.8599853515625,47014600,265.5659973144531,2.2390946489790453
2026-02-25,273.97760009765625,274.2300109863281,274.94000244140625,271.04998779296875,271.7799987792969,33714300,267.5419982910156,0.7679856784716499
2026-02-26,272.6987609863281,272.95001220703125,276.1099853515625,270.79998779296875,274.95001220703125,32345100,270.01600341796876,-0.4667610137537803
2026-02-27,263.93682861328125,264.17999267578125,272.80999755859375,262.8900146484375,272.80999755859375,72366500,269.9360046386719,-3.2130496937285313
2026-03-02,264.476318359375,264.7200012207031,266.5299987792969,260.20001220703125,262.4100036621094,41827900,269.6440063476563,0.2044093269336189
2026-03-03,263.5072326660156,263.75,265.55999755859375,260.1300048828125,263.4800109863281,38568900,267.96600341796875,-0.36642536122324376
2026-03-04,262.2783508300781,262.5199890136719,266.1499938964844,261.4200134277344,264.6499938964844,39803100,265.6239990234375,-0.4663548763329417
2026-03-05,260.0504150390625,260.2900085449219,261.55999755859375,257.25,260.7900085449219,49658600,263.0919982910156,-0.8494516844711031
2026-03-06,257.2229919433594,257.4599914550781,258.7699890136719,254.3699951171875,258.6300048828125,41120000,261.747998046875,-1.0872553678353492
2026-03-09,259.6407775878906,259.8800048828125,261.1499938964844,253.67999267578125,255.69000244140625,38218500,260.7799987792969,0.9399570838394267
2026-03-10,260.58990478515625,260.8299865722656,262.4800109863281,256.95001220703125,257.6499938964844,30590800,260.19599609375,0.36554627966916
2026-03-11,260.5699157714844,260.80999755859375,262.1300048828125,259.54998779296875,261.0899963378906,26218900,259.8539978027344,-0.007663617950748325
2026-03-12,255.52456665039062,255.75999450683594,258.95001220703125,254.17999267578125,258.6600036621094,40794000,258.9479949951172,-1.9362766377938656
2026-03-13,249.8897705078125,250.1199951171875,256.3299865722656,249.52000427246094,255.47999572753906,36930000,257.47999572753906,-2.2051921765652405
2026-03-16,252.58729553222656,252.82000732421875,253.88999938964844,249.8800048828125,252.11000061035156,32074200,256.0679962158203,1.079486750256109
2026-03-17,253.99598693847656,254.22999572753906,255.1300048828125,252.17999267578125,252.9600067138672,32361600,254.747998046875,0.5577044389181385
2026-03-18,249.70994567871094,249.94000244140625,254.94000244140625,249.0,252.6300048828125,35757900,252.5739990234375,-1.6874457610149385
2026-03-19,248.73085021972656,248.9600067138672,251.8300018310547,247.3000030517578,249.39999389648438,34864100,251.21400146484376,-0.39209238936004365
2026-03-20,247.76173400878906,247.99000549316406,249.1999969482422,246.0,247.97999572753906,88331100,250.78800354003906,-0.3896213024359163
2026-03-23,251.25851440429688,251.49000549316406,254.60000610351562,250.27999877929688,253.97000122070312,40546100,250.52200317382812,1.411347200480817
2026-03-24,251.4083709716797,251.63999938964844,254.8300018310547,249.5500030517578,250.35000610351562,45152300,250.00400390625,0.059642090424327776
2026-03-25,252.38746643066406,252.6199951171875,255.0,251.60000610351562,254.10000610351562,28476700,250.54000244140624,0.389443542328749
2026-03-26,252.6572265625,252.88999938964844,257.0,250.77000427246094,252.1199951171875,41796700,251.3260009765625,0.10688159198788405
2026-03-27,248.57098388671875,248.8000030517578,255.49000549316406,248.07000732421875,253.89999389648438,47900000,251.48800048828124,-1.6173025219509918
2026-03-30,246.40298461914062,246.6300048828125,250.8699951171875,245.50999450683594,250.07000732421875,39446200,250.51600036621093,-0.8721857485242457
2026-03-31,253.55638122558594,253.7899932861328,255.47999572753906,247.10000610351562,247.91000366210938,49598100,250.9459991455078,2.9031294901536553
